Series_reference	Period	Data_value	Suppressed	STATUS	UNITS	Magnitude	Subject	Group	Series_title_1	Series_title_2	Series_title_3	Series_title_4	Series_title_5
MEIM.S1WA	1999.04	80267		F	Number	0	Employment indicators - MEI	High level industry by variable	Filled jobs	Primary industries	Actual		
MEIM.S1WA	1999.05	70803		F	Number	0	Employment indicators - MEI	High level industry by variable	Filled jobs	Primary industries	Actual		
MEIM.S1WA	1999.06	65792		F	Number	0	Employment indicators - MEI	High level industry by variable	Filled jobs	Primary industries	Actual		
MEIM.S1WA	1999.07	66194		F	Number	0	Employment indicators - MEI	High level industry by variable	Filled jobs	Primary industries	Actual		
MEIM.S1WA	1999.08	67259		F	Number	0	Employment indicators - MEI	High level industry by variable	Filled jobs	Primary industries	Actual		
MEIM.S1WA	1999.09	69691		F	Number	0	Employment indicators - MEI	High level industry by variable	Filled jobs	Primary industries	Actual		
MEIM.S1WA	1999.1	72475		F	Number	0	Employment indicators - MEI	High level industry by variable	Filled jobs	Primary industries	Actual		
MEIM.S1WA	1999.11	79263		F	Number	0	Employment indicators - MEI	High level industry by variable	Filled jobs	Primary industries	Actual		
MEIM.S1WA	1999.12	86540		F	Number	0	Employment indicators - MEI	High level industry by variable	Filled jobs	Primary industries	Actual		
MEIM.S1WA	2000.01	82552		F	Number	0	Employment indicators - MEI	High level industry by variable	Filled jobs	Primary industries	Actual		
MEIM.S1WA	2000.02	81709		F	Number	0	Employment indicators - MEI	High level industry by variable	Filled jobs	Primary industries	Actual		
MEIM.S1WA	2000.03	84126		F	Number	0	Employment indicators - MEI	High level industry by variable	Filled jobs	Primary industries	Actual		
MEIM.S1WA	2000.04	77089		F	Number	0	Employment indicators - MEI	High level industry by variable	Filled jobs	Primary industries	Actual		
MEIM.S1WA	2000.05	73811		F	Number	0	Employment indicators - MEI	High level industry by variable	Filled jobs	Primary industries	Actual		
MEIM.S1WA	2000.06	70070		F	Number	0	Employment indicators - MEI	High level industry by variable	Filled jobs	Primary industries	Actual		
MEIM.S1WA	2000.07	69873		F	Number	0	Employment indicators - MEI	High level industry by variable	Filled jobs	Primary industries	Actual		
MEIM.S1WA	2000.08	71468		F	Number	0	Employment indicators - MEI	High level industry by variable	Filled jobs	Primary industries	Actual		
MEIM.S1WA	2000.09	72462		F	Number	0	Employment indicators - MEI	High level industry by variable	Filled jobs	Primary industries	Actual		
MEIM.S1WA	2000.1	74897		F	Number	0	Employment indicators - MEI	High level industry by variable	Filled jobs	Primary industries	Actual		
MEIM.S1WA	2000.11	80928		F	Number	0	Employment indicators - MEI	High level industry by variable	Filled jobs	Primary industries	Actual		
MEIM.S1WA	2000.12	88429		F	Number	0	Employment indicators - MEI	High level industry by variable	Filled jobs	Primary industries	Actual		
MEIM.S1WA	2001.01	87530		F	Number	0	Employment indicators - MEI	High level industry by variable	Filled jobs	Primary industries	Actual		
MEIM.S1WA	2001.02	84510		F	Number	0	Employment indicators - MEI	High level industry by variable	Filled jobs	Primary industries	Actual		
MEIM.S1WA	2001.03	86909		F	Number	0	Employment indicators - MEI	High level industry by variable	Filled jobs	Primary industries	Actual		
MEIM.S1WA	2001.04	80525		F	Number	0	Employment indicators - MEI	High level industry by variable	Filled jobs	Primary industries	Actual		
MEIM.S1WA	2001.05	76860		F	Number	0	Employment indicators - MEI	High level industry by variable	Filled jobs	Primary industries	Actual		
MEIM.S1WA	2001.06	74290		F	Number	0	Employment indicators - MEI	High level industry by variable	Filled jobs	Primary industries	Actual		
MEIM.S1WA	2001.07	74206		F	Number	0	Employment indicators - MEI	High level industry by variable	Filled jobs	Primary industries	Actual		
MEIM.S1WA	2001.08	76367		F	Number	0	Employment indicators - MEI	High level industry by variable	Filled jobs	Primary industries	Actual		
MEIM.S1WA	2001.09	78031		F	Number	0	Employment indicators - MEI	High level industry by variable	Filled jobs	Primary industries	Actual		
MEIM.S1WA	2001.1	82811		F	Number	0	Employment indicators - MEI	High level industry by variable	Filled jobs	Primary industries	Actual		
MEIM.S1WA	2001.11	88295		F	Number	0	Employment indicators - MEI	High level industry by variable	Filled jobs	Primary industries	Actual		
MEIM.S1WA	2001.12	94284		F	Number	0	Employment indicators - MEI	High level industry by variable	Filled jobs	Primary industries	Actual		
MEIM.S1WA	2002.01	93308		F	Number	0	Employment indicators - MEI	High level industry by variable	Filled jobs	Primary industries	Actual		
MEIM.S1WA	2002.02	94739		F	Number	0	Employment indicators - MEI	High level industry by variable	Filled jobs	Primary industries	Actual		
MEIM.S1WA	2002.03	95116		F	Number	0	Employment indicators - MEI	High level industry by variable	Filled jobs	Primary industries	Actual		
MEIM.S1WA	2002.04	87362		F	Number	0	Employment indicators - MEI	High level industry by variable	Filled jobs	Primary industries	Actual		
MEIM.S1WA	2002.05	83385		F	Number	0	Employment indicators - MEI	High level industry by variable	Filled jobs	Primary industries	Actual		
MEIM.S1WA	2002.06	78416		F	Number	0	Employment indicators - MEI	High level industry by variable	Filled jobs	Primary industries	Actual		
MEIM.S1WA	2002.07	80034		F	Number	0	Employment indicators - MEI	High level industry by variable	Filled jobs	Primary industries	Actual		
MEIM.S1WA	2002.08	81623		F	Number	0	Employment indicators - MEI	High level industry by variable	Filled jobs	Primary industries	Actual		
MEIM.S1WA	2002.09	82662		F	Number	0	Employment indicators - MEI	High level industry by variable	Filled jobs	Primary industries	Actual		
MEIM.S1WA	2002.1	85531		F	Number	0	Employment indicators - MEI	High level industry by variable	Filled jobs	Primary industries	Actual		
MEIM.S1WA	2002.11	89223		F	Number	0	Employment indicators - MEI	High level industry by variable	Filled jobs	Primary industries	Actual		
MEIM.S1WA	2002.12	96932		F	Number	0	Employment indicators - MEI	High level industry by variable	Filled jobs	Primary industries	Actual		
MEIM.S1WA	2003.01	97033		F	Number	0	Employment indicators - MEI	High level industry by variable	Filled jobs	Primary industries	Actual		
MEIM.S1WA	2003.02	92200		F	Number	0	Employment indicators - MEI	High level industry by variable	Filled jobs	Primary industries	Actual		
MEIM.S1WA	2003.03	91733		F	Number	0	Employment indicators - MEI	High level industry by variable	Filled jobs	Primary industries	Actual		
MEIM.S1WA	2003.04	87846		F	Number	0	Employment indicators - MEI	High level industry by variable	Filled jobs	Primary industries	Actual		
MEIM.S1WA	2003.05	84722		F	Number	0	Employment indicators - MEI	High level industry by variable	Filled jobs	Primary industries	Actual		
MEIM.S1WA	2003.06	80419		F	Number	0	Employment indicators - MEI	High level industry by variable	Filled jobs	Primary industries	Actual		
MEIM.S1WA	2003.07	80985		F	Number	0	Employment indicators - MEI	High level industry by variable	Filled jobs	Primary industries	Actual		
MEIM.S1WA	2003.08	84256		F	Number	0	Employment indicators - MEI	High level industry by variable	Filled jobs	Primary industries	Actual		
MEIM.S1WA	2003.09	82167		F	Number	0	Employment indicators - MEI	High level industry by variable	Filled jobs	Primary industries	Actual		
MEIM.S1WA	2003.1	85369		F	Number	0	Employment indicators - MEI	High level industry by variable	Filled jobs	Primary industries	Actual		
MEIM.S1WA	2003.11	91374		F	Number	0	Employment indicators - MEI	High level industry by variable	Filled jobs	Primary industries	Actual		
MEIM.S1WA	2003.12	99890		F	Number	0	Employment indicators - MEI	High level industry by variable	Filled jobs	Primary industries	Actual		
MEIM.S1WA	2004.01	97825		F	Number	0	Employment indicators - MEI	High level industry by variable	Filled jobs	Primary industries	Actual		
MEIM.S1WA	2004.02	93345		F	Number	0	Employment indicators - MEI	High level industry by variable	Filled jobs	Primary industries	Actual		
MEIM.S1WA	2004.03	93658		F	Number	0	Employment indicators - MEI	High level industry by variable	Filled jobs	Primary industries	Actual		
MEIM.S1WA	2004.04	89369		F	Number	0	Employment indicators - MEI	High level industry by variable	Filled jobs	Primary industries	Actual		
MEIM.S1WA	2004.05	84401		F	Number	0	Employment indicators - MEI	High level industry by variable	Filled jobs	Primary industries	Actual		
MEIM.S1WA	2004.06	80589		F	Number	0	Employment indicators - MEI	High level industry by variable	Filled jobs	Primary industries	Actual		
MEIM.S1WA	2004.07	81849		F	Number	0	Employment indicators - MEI	High level industry by variable	Filled jobs	Primary industries	Actual		
MEIM.S1WA	2004.08	81968		F	Number	0	Employment indicators - MEI	High level industry by variable	Filled jobs	Primary industries	Actual		
MEIM.S1WA	2004.09	83555		F	Number	0	Employment indicators - MEI	High level industry by variable	Filled jobs	Primary industries	Actual		
MEIM.S1WA	2004.1	84839		F	Number	0	Employment indicators - MEI	High level industry by variable	Filled jobs	Primary industries	Actual		
MEIM.S1WA	2004.11	93005		F	Number	0	Employment indicators - MEI	High level industry by variable	Filled jobs	Primary industries	Actual		
MEIM.S1WA	2004.12	99630		F	Number	0	Employment indicators - MEI	High level industry by variable	Filled jobs	Primary industries	Actual		
MEIM.S1WA	2005.01	96389		F	Number	0	Employment indicators - MEI	High level industry by variable	Filled jobs	Primary industries	Actual		
MEIM.S1WA	2005.02	98565		F	Number	0	Employment indicators - MEI	High level industry by variable	Filled jobs	Primary industries	Actual		
MEIM.S1WA	2005.03	97220		F	Number	0	Employment indicators - MEI	High level industry by variable	Filled jobs	Primary industries	Actual		
MEIM.S1WA	2005.04	89764		F	Number	0	Employment indicators - MEI	High level industry by variable	Filled jobs	Primary industries	Actual		
MEIM.S1WA	2005.05	85009		F	Number	0	Employment indicators - MEI	High level industry by variable	Filled jobs	Primary industries	Actual		
MEIM.S1WA	2005.06	80452		F	Number	0	Employment indicators - MEI	High level industry by variable	Filled jobs	Primary industries	Actual		
MEIM.S1WA	2005.07	82004		F	Number	0	Employment indicators - MEI	High level industry by variable	Filled jobs	Primary industries	Actual		
MEIM.S1WA	2005.08	84011		F	Number	0	Employment indicators - MEI	High level industry by variable	Filled jobs	Primary industries	Actual		
MEIM.S1WA	2005.09	84913		F	Number	0	Employment indicators - MEI	High level industry by variable	Filled jobs	Primary industries	Actual		
MEIM.S1WA	2005.1	86182		F	Number	0	Employment indicators - MEI	High level industry by variable	Filled jobs	Primary industries	Actual		
MEIM.S1WA	2005.11	92042		F	Number	0	Employment indicators - MEI	High level industry by variable	Filled jobs	Primary industries	Actual		
MEIM.S1WA	2005.12	98292		F	Number	0	Employment indicators - MEI	High level industry by variable	Filled jobs	Primary industries	Actual		
MEIM.S1WA	2006.01	95371		F	Number	0	Employment indicators - MEI	High level industry by variable	Filled jobs	Primary industries	Actual		
MEIM.S1WA	2006.02	93511		F	Number	0	Employment indicators - MEI	High level industry by variable	Filled jobs	Primary industries	Actual		
MEIM.S1WA	2006.03	92203		F	Number	0	Employment indicators - MEI	High level industry by variable	Filled jobs	Primary industries	Actual		
MEIM.S1WA	2006.04	86906		F	Number	0	Employment indicators - MEI	High level industry by variable	Filled jobs	Primary industries	Actual		
MEIM.S1WA	2006.05	83342		F	Number	0	Employment indicators - MEI	High level industry by variable	Filled jobs	Primary industries	Actual		
MEIM.S1WA	2006.06	80525		F	Number	0	Employment indicators - MEI	High level industry by variable	Filled jobs	Primary industries	Actual		
MEIM.S1WA	2006.07	81846		F	Number	0	Employment indicators - MEI	High level industry by variable	Filled jobs	Primary industries	Actual		
MEIM.S1WA	2006.08	87126		F	Number	0	Employment indicators - MEI	High level industry by variable	Filled jobs	Primary industries	Actual		
MEIM.S1WA	2006.09	87683		F	Number	0	Employment indicators - MEI	High level industry by variable	Filled jobs	Primary industries	Actual		
MEIM.S1WA	2006.1	86030		F	Number	0	Employment indicators - MEI	High level industry by variable	Filled jobs	Primary industries	Actual		
MEIM.S1WA	2006.11	92081		F	Number	0	Employment indicators - MEI	High level industry by variable	Filled jobs	Primary industries	Actual		
MEIM.S1WA	2006.12	97268		F	Number	0	Employment indicators - MEI	High level industry by variable	Filled jobs	Primary industries	Actual		
MEIM.S1WA	2007.01	97111		F	Number	0	Employment indicators - MEI	High level industry by variable	Filled jobs	Primary industries	Actual		
MEIM.S1WA	2007.02	95522		F	Number	0	Employment indicators - MEI	High level industry by variable	Filled jobs	Primary industries	Actual		
MEIM.S1WA	2007.03	93769		F	Number	0	Employment indicators - MEI	High level industry by variable	Filled jobs	Primary industries	Actual		
MEIM.S1WA	2007.04	88478		F	Number	0	Employment indicators - MEI	High level industry by variable	Filled jobs	Primary industries	Actual		
MEIM.S1WA	2007.05	84625		F	Number	0	Employment indicators - MEI	High level industry by variable	Filled jobs	Primary industries	Actual		
MEIM.S1WA	2007.06	80491		F	Number	0	Employment indicators - MEI	High level industry by variable	Filled jobs	Primary industries	Actual		
MEIM.S1WA	2007.07	81329		F	Number	0	Employment indicators - MEI	High level industry by variable	Filled jobs	Primary industries	Actual		
MEIM.S1WA	2007.08	84618		F	Number	0	Employment indicators - MEI	High level industry by variable	Filled jobs	Primary industries	Actual		
MEIM.S1WA	2007.09	85708		F	Number	0	Employment indicators - MEI	High level industry by variable	Filled jobs	Primary industries	Actual		
MEIM.S1WA	2007.1	87507		F	Number	0	Employment indicators - MEI	High level industry by variable	Filled jobs	Primary industries	Actual		
MEIM.S1WA	2007.11	93231		F	Number	0	Employment indicators - MEI	High level industry by variable	Filled jobs	Primary industries	Actual		
MEIM.S1WA	2007.12	98853		F	Number	0	Employment indicators - MEI	High level industry by variable	Filled jobs	Primary industries	Actual		
MEIM.S1WA	2008.01	99933		F	Number	0	Employment indicators - MEI	High level industry by variable	Filled jobs	Primary industries	Actual		
MEIM.S1WA	2008.02	97539		F	Number	0	Employment indicators - MEI	High level industry by variable	Filled jobs	Primary industries	Actual		
MEIM.S1WA	2008.03	93801		F	Number	0	Employment indicators - MEI	High level industry by variable	Filled jobs	Primary industries	Actual		
MEIM.S1WA	2008.04	90240		F	Number	0	Employment indicators - MEI	High level industry by variable	Filled jobs	Primary industries	Actual		
MEIM.S1WA	2008.05	86883		F	Number	0	Employment indicators - MEI	High level industry by variable	Filled jobs	Primary industries	Actual		
MEIM.S1WA	2008.06	82929		F	Number	0	Employment indicators - MEI	High level industry by variable	Filled jobs	Primary industries	Actual		
MEIM.S1WA	2008.07	84806		F	Number	0	Employment indicators - MEI	High level industry by variable	Filled jobs	Primary industries	Actual		
MEIM.S1WA	2008.08	85587		F	Number	0	Employment indicators - MEI	High level industry by variable	Filled jobs	Primary industries	Actual		
MEIM.S1WA	2008.09	86747		F	Number	0	Employment indicators - MEI	High level industry by variable	Filled jobs	Primary industries	Actual		
MEIM.S1WA	2008.1	89517		F	Number	0	Employment indicators - MEI	High level industry by variable	Filled jobs	Primary industries	Actual		
MEIM.S1WA	2008.11	94966		F	Number	0	Employment indicators - MEI	High level industry by variable	Filled jobs	Primary industries	Actual		
MEIM.S1WA	2008.12	102925		F	Number	0	Employment indicators - MEI	High level industry by variable	Filled jobs	Primary industries	Actual		
MEIM.S1WA	2009.01	101060		F	Number	0	Employment indicators - MEI	High level industry by variable	Filled jobs	Primary industries	Actual		
MEIM.S1WA	2009.02	98516		F	Number	0	Employment indicators - MEI	High level industry by variable	Filled jobs	Primary industries	Actual		
MEIM.S1WA	2009.03	96084		F	Number	0	Employment indicators - MEI	High level industry by variable	Filled jobs	Primary industries	Actual		
MEIM.S1WA	2009.04	92731		F	Number	0	Employment indicators - MEI	High level industry by variable	Filled jobs	Primary industries	Actual		
MEIM.S1WA	2009.05	86052		F	Number	0	Employment indicators - MEI	High level industry by variable	Filled jobs	Primary industries	Actual		
MEIM.S1WA	2009.06	83192		F	Number	0	Employment indicators - MEI	High level industry by variable	Filled jobs	Primary industries	Actual		
MEIM.S1WA	2009.07	85167		F	Number	0	Employment indicators - MEI	High level industry by variable	Filled jobs	Primary industries	Actual		
MEIM.S1WA	2009.08	84709		F	Number	0	Employment indicators - MEI	High level industry by variable	Filled jobs	Primary industries	Actual		
MEIM.S1WA	2009.09	84145		F	Number	0	Employment indicators - MEI	High level industry by variable	Filled jobs	Primary industries	Actual		
MEIM.S1WA	2009.1	85590		F	Number	0	Employment indicators - MEI	High level industry by variable	Filled jobs	Primary industries	Actual		
MEIM.S1WA	2009.11	92079		F	Number	0	Employment indicators - MEI	High level industry by variable	Filled jobs	Primary industries	Actual		
MEIM.S1WA	2009.12	100351		F	Number	0	Employment indicators - MEI	High level industry by variable	Filled jobs	Primary industries	Actual		
MEIM.S1WA	2010.01	97682		F	Number	0	Employment indicators - MEI	High level industry by variable	Filled jobs	Primary industries	Actual		
MEIM.S1WA	2010.02	96843		F	Number	0	Employment indicators - MEI	High level industry by variable	Filled jobs	Primary industries	Actual		
MEIM.S1WA	2010.03	95903		F	Number	0	Employment indicators - MEI	High level industry by variable	Filled jobs	Primary industries	Actual		
MEIM.S1WA	2010.04	91437		F	Number	0	Employment indicators - MEI	High level industry by variable	Filled jobs	Primary industries	Actual		
MEIM.S1WA	2010.05	85565		F	Number	0	Employment indicators - MEI	High level industry by variable	Filled jobs	Primary industries	Actual		
MEIM.S1WA	2010.06	81993		F	Number	0	Employment indicators - MEI	High level industry by variable	Filled jobs	Primary industries	Actual		
MEIM.S1WA	2010.07	84446		F	Number	0	Employment indicators - MEI	High level industry by variable	Filled jobs	Primary industries	Actual		
MEIM.S1WA	2010.08	85401		F	Number	0	Employment indicators - MEI	High level industry by variable	Filled jobs	Primary industries	Actual		
MEIM.S1WA	2010.09	86128		F	Number	0	Employment indicators - MEI	High level industry by variable	Filled jobs	Primary industries	Actual		
MEIM.S1WA	2010.1	87745		F	Number	0	Employment indicators - MEI	High level industry by variable	Filled jobs	Primary industries	Actual		
MEIM.S1WA	2010.11	96227		F	Number	0	Employment indicators - MEI	High level industry by variable	Filled jobs	Primary industries	Actual		
MEIM.S1WA	2010.12	103299		F	Number	0	Employment indicators - MEI	High level industry by variable	Filled jobs	Primary industries	Actual		
MEIM.S1WA	2011.01	100192		F	Number	0	Employment indicators - MEI	High level industry by variable	Filled jobs	Primary industries	Actual		
MEIM.S1WA	2011.02	99392		F	Number	0	Employment indicators - MEI	High level industry by variable	Filled jobs	Primary industries	Actual		
MEIM.S1WA	2011.03	98106		F	Number	0	Employment indicators - MEI	High level industry by variable	Filled jobs	Primary industries	Actual		
MEIM.S1WA	2011.04	93301		F	Number	0	Employment indicators - MEI	High level industry by variable	Filled jobs	Primary industries	Actual		
MEIM.S1WA	2011.05	88836		F	Number	0	Employment indicators - MEI	High level industry by variable	Filled jobs	Primary industries	Actual		
MEIM.S1WA	2011.06	85458		F	Number	0	Employment indicators - MEI	High level industry by variable	Filled jobs	Primary industries	Actual		
MEIM.S1WA	2011.07	86199		F	Number	0	Employment indicators - MEI	High level industry by variable	Filled jobs	Primary industries	Actual		
MEIM.S1WA	2011.08	88072		F	Number	0	Employment indicators - MEI	High level industry by variable	Filled jobs	Primary industries	Actual		
MEIM.S1WA	2011.09	88434		F	Number	0	Employment indicators - MEI	High level industry by variable	Filled jobs	Primary industries	Actual		
MEIM.S1WA	2011.1	87923		F	Number	0	Employment indicators - MEI	High level industry by variable	Filled jobs	Primary industries	Actual		
MEIM.S1WA	2011.11	95946		F	Number	0	Employment indicators - MEI	High level industry by variable	Filled jobs	Primary industries	Actual		
MEIM.S1WA	2011.12	102824		F	Number	0	Employment indicators - MEI	High level industry by variable	Filled jobs	Primary industries	Actual		
MEIM.S1WA	2012.01	102038		F	Number	0	Employment indicators - MEI	High level industry by variable	Filled jobs	Primary industries	Actual		
MEIM.S1WA	2012.02	99899		F	Number	0	Employment indicators - MEI	High level industry by variable	Filled jobs	Primary industries	Actual		
MEIM.S1WA	2012.03	98031		F	Number	0	Employment indicators - MEI	High level industry by variable	Filled jobs	Primary industries	Actual		
MEIM.S1WA	2012.04	94687		F	Number	0	Employment indicators - MEI	High level industry by variable	Filled jobs	Primary industries	Actual		
MEIM.S1WA	2012.05	91564		F	Number	0	Employment indicators - MEI	High level industry by variable	Filled jobs	Primary industries	Actual		
MEIM.S1WA	2012.06	86723		F	Number	0	Employment indicators - MEI	High level industry by variable	Filled jobs	Primary industries	Actual		
MEIM.S1WA	2012.07	87599		F	Number	0	Employment indicators - MEI	High level industry by variable	Filled jobs	Primary industries	Actual		
MEIM.S1WA	2012.08	89307		F	Number	0	Employment indicators - MEI	High level industry by variable	Filled jobs	Primary industries	Actual		
MEIM.S1WA	2012.09	89688		F	Number	0	Employment indicators - MEI	High level industry by variable	Filled jobs	Primary industries	Actual		
MEIM.S1WA	2012.1	91325		F	Number	0	Employment indicators - MEI	High level industry by variable	Filled jobs	Primary industries	Actual		
MEIM.S1WA	2012.11	96226		F	Number	0	Employment indicators - MEI	High level industry by variable	Filled jobs	Primary industries	Actual		
MEIM.S1WA	2012.12	102470		F	Number	0	Employment indicators - MEI	High level industry by variable	Filled jobs	Primary industries	Actual		
MEIM.S1WA	2013.01	103112		F	Number	0	Employment indicators - MEI	High level industry by variable	Filled jobs	Primary industries	Actual		
MEIM.S1WA	2013.02	100789		F	Number	0	Employment indicators - MEI	High level industry by variable	Filled jobs	Primary industries	Actual		
MEIM.S1WA	2013.03	97381		F	Number	0	Employment indicators - MEI	High level industry by variable	Filled jobs	Primary industries	Actual		
MEIM.S1WA	2013.04	93665		F	Number	0	Employment indicators - MEI	High level industry by variable	Filled jobs	Primary industries	Actual		
MEIM.S1WA	2013.05	91481		F	Number	0	Employment indicators - MEI	High level industry by variable	Filled jobs	Primary industries	Actual		
MEIM.S1WA	2013.06	86913		F	Number	0	Employment indicators - MEI	High level industry by variable	Filled jobs	Primary industries	Actual		
MEIM.S1WA	2013.07	89308		F	Number	0	Employment indicators - MEI	High level industry by variable	Filled jobs	Primary industries	Actual		
MEIM.S1WA	2013.08	91033		F	Number	0	Employment indicators - MEI	High level industry by variable	Filled jobs	Primary industries	Actual		
MEIM.S1WA	2013.09	91392		F	Number	0	Employment indicators - MEI	High level industry by variable	Filled jobs	Primary industries	Actual		
MEIM.S1WA	2013.1	94660		F	Number	0	Employment indicators - MEI	High level industry by variable	Filled jobs	Primary industries	Actual		
MEIM.S1WA	2013.11	101485		F	Number	0	Employment indicators - MEI	High level industry by variable	Filled jobs	Primary industries	Actual		
MEIM.S1WA	2013.12	109346		F	Number	0	Employment indicators - MEI	High level industry by variable	Filled jobs	Primary industries	Actual		
MEIM.S1WA	2014.01	108682		F	Number	0	Employment indicators - MEI	High level industry by variable	Filled jobs	Primary industries	Actual		
MEIM.S1WA	2014.02	107464		F	Number	0	Employment indicators - MEI	High level industry by variable	Filled jobs	Primary industries	Actual		
MEIM.S1WA	2014.03	103597		F	Number	0	Employment indicators - MEI	High level industry by variable	Filled jobs	Primary industries	Actual		
MEIM.S1WA	2014.04	98899		F	Number	0	Employment indicators - MEI	High level industry by variable	Filled jobs	Primary industries	Actual		
MEIM.S1WA	2014.05	96354		F	Number	0	Employment indicators - MEI	High level industry by variable	Filled jobs	Primary industries	Actual		
MEIM.S1WA	2014.06	91916		F	Number	0	Employment indicators - MEI	High level industry by variable	Filled jobs	Primary industries	Actual		
MEIM.S1WA	2014.07	93461		F	Number	0	Employment indicators - MEI	High level industry by variable	Filled jobs	Primary industries	Actual		
MEIM.S1WA	2014.08	94482		F	Number	0	Employment indicators - MEI	High level industry by variable	Filled jobs	Primary industries	Actual		
MEIM.S1WA	2014.09	95502		F	Number	0	Employment indicators - MEI	High level industry by variable	Filled jobs	Primary industries	Actual		
MEIM.S1WA	2014.1	98069		F	Number	0	Employment indicators - MEI	High level industry by variable	Filled jobs	Primary industries	Actual		
MEIM.S1WA	2014.11	104279		F	Number	0	Employment indicators - MEI	High level industry by variable	Filled jobs	Primary industries	Actual		
MEIM.S1WA	2014.12	113413		F	Number	0	Employment indicators - MEI	High level industry by variable	Filled jobs	Primary industries	Actual		
MEIM.S1WA	2015.01	112213		F	Number	0	Employment indicators - MEI	High level industry by variable	Filled jobs	Primary industries	Actual		
MEIM.S1WA	2015.02	108486		F	Number	0	Employment indicators - MEI	High level industry by variable	Filled jobs	Primary industries	Actual		
MEIM.S1WA	2015.03	104556		F	Number	0	Employment indicators - MEI	High level industry by variable	Filled jobs	Primary industries	Actual		
MEIM.S1WA	2015.04	102544		F	Number	0	Employment indicators - MEI	High level industry by variable	Filled jobs	Primary industries	Actual		
MEIM.S1WA	2015.05	97607		F	Number	0	Employment indicators - MEI	High level industry by variable	Filled jobs	Primary industries	Actual		
MEIM.S1WA	2015.06	93850		F	Number	0	Employment indicators - MEI	High level industry by variable	Filled jobs	Primary industries	Actual		
MEIM.S1WA	2015.07	94645		F	Number	0	Employment indicators - MEI	High level industry by variable	Filled jobs	Primary industries	Actual		
MEIM.S1WA	2015.08	94936		F	Number	0	Employment indicators - MEI	High level industry by variable	Filled jobs	Primary industries	Actual		
MEIM.S1WA	2015.09	95140		F	Number	0	Employment indicators - MEI	High level industry by variable	Filled jobs	Primary industries	Actual		
MEIM.S1WA	2015.1	98286		F	Number	0	Employment indicators - MEI	High level industry by variable	Filled jobs	Primary industries	Actual		
MEIM.S1WA	2015.11	105527		F	Number	0	Employment indicators - MEI	High level industry by variable	Filled jobs	Primary industries	Actual		
MEIM.S1WA	2015.12	114920		F	Number	0	Employment indicators - MEI	High level industry by variable	Filled jobs	Primary industries	Actual		
MEIM.S1WA	2016.01	111282		F	Number	0	Employment indicators - MEI	High level industry by variable	Filled jobs	Primary industries	Actual		
MEIM.S1WA	2016.02	107869		F	Number	0	Employment indicators - MEI	High level industry by variable	Filled jobs	Primary industries	Actual		
MEIM.S1WA	2016.03	106026		F	Number	0	Employment indicators - MEI	High level industry by variable	Filled jobs	Primary industries	Actual		
MEIM.S1WA	2016.04	102430		F	Number	0	Employment indicators - MEI	High level industry by variable	Filled jobs	Primary industries	Actual		
MEIM.S1WA	2016.05	97515		F	Number	0	Employment indicators - MEI	High level industry by variable	Filled jobs	Primary industries	Actual		
MEIM.S1WA	2016.06	93634		F	Number	0	Employment indicators - MEI	High level industry by variable	Filled jobs	Primary industries	Actual		
MEIM.S1WA	2016.07	93679		F	Number	0	Employment indicators - MEI	High level industry by variable	Filled jobs	Primary industries	Actual		
MEIM.S1WA	2016.08	96058		F	Number	0	Employment indicators - MEI	High level industry by variable	Filled jobs	Primary industries	Actual		
MEIM.S1WA	2016.09	96657		F	Number	0	Employment indicators - MEI	High level industry by variable	Filled jobs	Primary industries	Actual		
MEIM.S1WA	2016.1	98668		F	Number	0	Employment indicators - MEI	High level industry by variable	Filled jobs	Primary industries	Actual		
MEIM.S1WA	2016.11	106600		F	Number	0	Employment indicators - MEI	High level industry by variable	Filled jobs	Primary industries	Actual		
MEIM.S1WA	2016.12	113761		F	Number	0	Employment indicators - MEI	High level industry by variable	Filled jobs	Primary industries	Actual		
MEIM.S1WA	2017.01	110888		F	Number	0	Employment indicators - MEI	High level industry by variable	Filled jobs	Primary industries	Actual		
MEIM.S1WA	2017.02	106541		F	Number	0	Employment indicators - MEI	High level industry by variable	Filled jobs	Primary industries	Actual		
MEIM.S1WA	2017.03	105166		F	Number	0	Employment indicators - MEI	High level industry by variable	Filled jobs	Primary industries	Actual		
MEIM.S1WA	2017.04	102239		F	Number	0	Employment indicators - MEI	High level industry by variable	Filled jobs	Primary industries	Actual		
MEIM.S1WA	2017.05	99221		F	Number	0	Employment indicators - MEI	High level industry by variable	Filled jobs	Primary industries	Actual		
MEIM.S1WA	2017.06	94759		F	Number	0	Employment indicators - MEI	High level industry by variable	Filled jobs	Primary industries	Actual		
MEIM.S1WA	2017.07	94283		F	Number	0	Employment indicators - MEI	High level industry by variable	Filled jobs	Primary industries	Actual		
MEIM.S1WA	2017.08	96948		F	Number	0	Employment indicators - MEI	High level industry by variable	Filled jobs	Primary industries	Actual		
MEIM.S1WA	2017.09	97661		F	Number	0	Employment indicators - MEI	High level industry by variable	Filled jobs	Primary industries	Actual		
MEIM.S1WA	2017.1	100685		F	Number	0	Employment indicators - MEI	High level industry by variable	Filled jobs	Primary industries	Actual		
MEIM.S1WA	2017.11	109078		F	Number	0	Employment indicators - MEI	High level industry by variable	Filled jobs	Primary industries	Actual		
MEIM.S1WA	2017.12	114868		F	Number	0	Employment indicators - MEI	High level industry by variable	Filled jobs	Primary industries	Actual		
MEIM.S1WA	2018.01	113194		F	Number	0	Employment indicators - MEI	High level industry by variable	Filled jobs	Primary industries	Actual		
MEIM.S1WA	2018.02	109339		F	Number	0	Employment indicators - MEI	High level industry by variable	Filled jobs	Primary industries	Actual		
MEIM.S1WA	2018.03	107582		F	Number	0	Employment indicators - MEI	High level industry by variable	Filled jobs	Primary industries	Actual		
MEIM.S1WA	2018.04	104002		F	Number	0	Employment indicators - MEI	High level industry by variable	Filled jobs	Primary industries	Actual		
MEIM.S1WA	2018.05	99848		F	Number	0	Employment indicators - MEI	High level industry by variable	Filled jobs	Primary industries	Actual		
MEIM.S1WA	2018.06	95523		F	Number	0	Employment indicators - MEI	High level industry by variable	Filled jobs	Primary industries	Actual		
MEIM.S1WA	2018.07	95814		F	Number	0	Employment indicators - MEI	High level industry by variable	Filled jobs	Primary industries	Actual		
MEIM.S1WA	2018.08	98626		F	Number	0	Employment indicators - MEI	High level industry by variable	Filled jobs	Primary industries	Actual		
MEIM.S1WA	2018.09	98996		F	Number	0	Employment indicators - MEI	High level industry by variable	Filled jobs	Primary industries	Actual		
MEIM.S1WA	2018.1	103537		F	Number	0	Employment indicators - MEI	High level industry by variable	Filled jobs	Primary industries	Actual		
MEIM.S1WA	2018.11	109241		F	Number	0	Employment indicators - MEI	High level industry by variable	Filled jobs	Primary industries	Actual		
MEIM.S1WA	2018.12	115764		F	Number	0	Employment indicators - MEI	High level industry by variable	Filled jobs	Primary industries	Actual		
MEIM.S1WA	2019.01	115461		F	Number	0	Employment indicators - MEI	High level industry by variable	Filled jobs	Primary industries	Actual		
MEIM.S1WA	2019.02	111514		F	Number	0	Employment indicators - MEI	High level industry by variable	Filled jobs	Primary industries	Actual		
MEIM.S1WA	2019.03	107095		F	Number	0	Employment indicators - MEI	High level industry by variable	Filled jobs	Primary industries	Actual		
MEIM.S1WA	2019.04	103417		F	Number	0	Employment indicators - MEI	High level industry by variable	Filled jobs	Primary industries	Actual		
MEIM.S1WA	2019.05	100648		F	Number	0	Employment indicators - MEI	High level industry by variable	Filled jobs	Primary industries	Actual		
MEIM.S1WA	2019.06	96875		F	Number	0	Employment indicators - MEI	High level industry by variable	Filled jobs	Primary industries	Actual		
MEIM.S1WA	2019.07	97481		F	Number	0	Employment indicators - MEI	High level industry by variable	Filled jobs	Primary industries	Actual		
MEIM.S1WA	2019.08	98085		F	Number	0	Employment indicators - MEI	High level industry by variable	Filled jobs	Primary industries	Actual		
MEIM.S1WA	2019.09	98884		F	Number	0	Employment indicators - MEI	High level industry by variable	Filled jobs	Primary industries	Actual		
MEIM.S1WA	2019.1	101756		F	Number	0	Employment indicators - MEI	High level industry by variable	Filled jobs	Primary industries	Actual		
MEIM.S1WA	2019.11	110343		F	Number	0	Employment indicators - MEI	High level industry by variable	Filled jobs	Primary industries	Actual		
MEIM.S1WA	2019.12	116528		F	Number	0	Employment indicators - MEI	High level industry by variable	Filled jobs	Primary industries	Actual		
MEIM.S1WA	2020.01	113153		F	Number	0	Employment indicators - MEI	High level industry by variable	Filled jobs	Primary industries	Actual		
MEIM.S1WA	2020.02	109798		F	Number	0	Employment indicators - MEI	High level industry by variable	Filled jobs	Primary industries	Actual		
MEIM.S1WA	2020.03	107934		F	Number	0	Employment indicators - MEI	High level industry by variable	Filled jobs	Primary industries	Actual		
MEIM.S1WA	2020.04	102363		F	Number	0	Employment indicators - MEI	High level industry by variable	Filled jobs	Primary industries	Actual		
MEIM.S1WA	2020.05	103547		F	Number	0	Employment indicators - MEI	High level industry by variable	Filled jobs	Primary industries	Actual		
MEIM.S1WA	2020.06	101987		F	Number	0	Employment indicators - MEI	High level industry by variable	Filled jobs	Primary industries	Actual		
MEIM.S1WA	2020.07	101503		F	Number	0	Employment indicators - MEI	High level industry by variable	Filled jobs	Primary industries	Actual		
MEIM.S1WA	2020.08	103586		F	Number	0	Employment indicators - MEI	High level industry by variable	Filled jobs	Primary industries	Actual		
MEIM.S1WA	2020.09	103044		F	Number	0	Employment indicators - MEI	High level industry by variable	Filled jobs	Primary industries	Actual		
MEIM.S1WA	2020.1	106424		F	Number	0	Employment indicators - MEI	High level industry by variable	Filled jobs	Primary industries	Actual		
MEIM.S1WA	2020.11	113487		F	Number	0	Employment indicators - MEI	High level industry by variable	Filled jobs	Primary industries	Actual		
MEIM.S1WA	2020.12	120603		F	Number	0	Employment indicators - MEI	High level industry by variable	Filled jobs	Primary industries	Actual		
MEIM.S1WA	2021.01	114792		F	Number	0	Employment indicators - MEI	High level industry by variable	Filled jobs	Primary industries	Actual		
MEIM.S1WA	2021.02	111954		F	Number	0	Employment indicators - MEI	High level industry by variable	Filled jobs	Primary industries	Actual		
MEIM.S1WA	2021.03	109756		F	Number	0	Employment indicators - MEI	High level industry by variable	Filled jobs	Primary industries	Actual		
MEIM.S1WA	2021.04	105967		F	Number	0	Employment indicators - MEI	High level industry by variable	Filled jobs	Primary industries	Actual		
MEIM.S1WA	2021.05	103438		F	Number	0	Employment indicators - MEI	High level industry by variable	Filled jobs	Primary industries	Actual		
MEIM.S1WA	2021.06	100587		F	Number	0	Employment indicators - MEI	High level industry by variable	Filled jobs	Primary industries	Actual		
MEIM.S1WA	2021.07	101019		F	Number	0	Employment indicators - MEI	High level industry by variable	Filled jobs	Primary industries	Actual		
MEIM.S1WA	2021.08	102754		F	Number	0	Employment indicators - MEI	High level industry by variable	Filled jobs	Primary industries	Actual		
MEIM.S1WA	2021.09	103549		F	Number	0	Employment indicators - MEI	High level industry by variable	Filled jobs	Primary industries	Actual		
MEIM.S1WA	2021.1	107764		F	Number	0	Employment indicators - MEI	High level industry by variable	Filled jobs	Primary industries	Actual		
MEIM.S1WA	2021.11	113145		P	Number	0	Employment indicators - MEI	High level industry by variable	Filled jobs	Primary industries	Actual		
MEIM.S1WA	2021.12	117282		P	Number	0	Employment indicators - MEI	High level industry by variable	Filled jobs	Primary industries	Actual		
MEIM.S1WA	2022.01	111640		P	Number	0	Employment indicators - MEI	High level industry by variable	Filled jobs	Primary industries	Actual		
MEIM.S1WS	1999.04	79867		R	Number	0	Employment indicators - MEI	High level industry by variable	Filled jobs	Primary industries	Seasonally adjusted		
MEIM.S1WS	1999.05	74085		R	Number	0	Employment indicators - MEI	High level industry by variable	Filled jobs	Primary industries	Seasonally adjusted		
MEIM.S1WS	1999.06	72828		R	Number	0	Employment indicators - MEI	High level industry by variable	Filled jobs	Primary industries	Seasonally adjusted		
MEIM.S1WS	1999.07	73201		R	Number	0	Employment indicators - MEI	High level industry by variable	Filled jobs	Primary industries	Seasonally adjusted		
MEIM.S1WS	1999.08	73039		R	Number	0	Employment indicators - MEI	High level industry by variable	Filled jobs	Primary industries	Seasonally adjusted		
MEIM.S1WS	1999.09	74406		R	Number	0	Employment indicators - MEI	High level industry by variable	Filled jobs	Primary industries	Seasonally adjusted		
MEIM.S1WS	1999.1	74582		R	Number	0	Employment indicators - MEI	High level industry by variable	Filled jobs	Primary industries	Seasonally adjusted		
MEIM.S1WS	1999.11	76344		R	Number	0	Employment indicators - MEI	High level industry by variable	Filled jobs	Primary industries	Seasonally adjusted		
MEIM.S1WS	1999.12	77253		R	Number	0	Employment indicators - MEI	High level industry by variable	Filled jobs	Primary industries	Seasonally adjusted		
MEIM.S1WS	2000.01	75480		R	Number	0	Employment indicators - MEI	High level industry by variable	Filled jobs	Primary industries	Seasonally adjusted		
MEIM.S1WS	2000.02	76785		R	Number	0	Employment indicators - MEI	High level industry by variable	Filled jobs	Primary industries	Seasonally adjusted		
MEIM.S1WS	2000.03	77495		R	Number	0	Employment indicators - MEI	High level industry by variable	Filled jobs	Primary industries	Seasonally adjusted		
MEIM.S1WS	2000.04	76746		R	Number	0	Employment indicators - MEI	High level industry by variable	Filled jobs	Primary industries	Seasonally adjusted		
MEIM.S1WS	2000.05	77218		R	Number	0	Employment indicators - MEI	High level industry by variable	Filled jobs	Primary industries	Seasonally adjusted		
MEIM.S1WS	2000.06	77572		R	Number	0	Employment indicators - MEI	High level industry by variable	Filled jobs	Primary industries	Seasonally adjusted		
MEIM.S1WS	2000.07	77192		R	Number	0	Employment indicators - MEI	High level industry by variable	Filled jobs	Primary industries	Seasonally adjusted		
MEIM.S1WS	2000.08	77425		R	Number	0	Employment indicators - MEI	High level industry by variable	Filled jobs	Primary industries	Seasonally adjusted		
MEIM.S1WS	2000.09	77403		R	Number	0	Employment indicators - MEI	High level industry by variable	Filled jobs	Primary industries	Seasonally adjusted		
MEIM.S1WS	2000.1	77096		R	Number	0	Employment indicators - MEI	High level industry by variable	Filled jobs	Primary industries	Seasonally adjusted		
MEIM.S1WS	2000.11	78037		R	Number	0	Employment indicators - MEI	High level industry by variable	Filled jobs	Primary industries	Seasonally adjusted		
MEIM.S1WS	2000.12	78920		R	Number	0	Employment indicators - MEI	High level industry by variable	Filled jobs	Primary industries	Seasonally adjusted		
MEIM.S1WS	2001.01	79901		R	Number	0	Employment indicators - MEI	High level industry by variable	Filled jobs	Primary industries	Seasonally adjusted		
MEIM.S1WS	2001.02	79488		R	Number	0	Employment indicators - MEI	High level industry by variable	Filled jobs	Primary industries	Seasonally adjusted		
MEIM.S1WS	2001.03	80335		R	Number	0	Employment indicators - MEI	High level industry by variable	Filled jobs	Primary industries	Seasonally adjusted		
MEIM.S1WS	2001.04	80235		R	Number	0	Employment indicators - MEI	High level industry by variable	Filled jobs	Primary industries	Seasonally adjusted		
MEIM.S1WS	2001.05	80437		R	Number	0	Employment indicators - MEI	High level industry by variable	Filled jobs	Primary industries	Seasonally adjusted		
MEIM.S1WS	2001.06	82154		R	Number	0	Employment indicators - MEI	High level industry by variable	Filled jobs	Primary industries	Seasonally adjusted		
MEIM.S1WS	2001.07	81732		R	Number	0	Employment indicators - MEI	High level industry by variable	Filled jobs	Primary industries	Seasonally adjusted		
MEIM.S1WS	2001.08	82427		R	Number	0	Employment indicators - MEI	High level industry by variable	Filled jobs	Primary industries	Seasonally adjusted		
MEIM.S1WS	2001.09	83348		R	Number	0	Employment indicators - MEI	High level industry by variable	Filled jobs	Primary industries	Seasonally adjusted		
MEIM.S1WS	2001.1	85329		R	Number	0	Employment indicators - MEI	High level industry by variable	Filled jobs	Primary industries	Seasonally adjusted		
MEIM.S1WS	2001.11	85277		R	Number	0	Employment indicators - MEI	High level industry by variable	Filled jobs	Primary industries	Seasonally adjusted		
MEIM.S1WS	2001.12	84271		R	Number	0	Employment indicators - MEI	High level industry by variable	Filled jobs	Primary industries	Seasonally adjusted		
MEIM.S1WS	2002.01	84954		R	Number	0	Employment indicators - MEI	High level industry by variable	Filled jobs	Primary industries	Seasonally adjusted		
MEIM.S1WS	2002.02	89068		R	Number	0	Employment indicators - MEI	High level industry by variable	Filled jobs	Primary industries	Seasonally adjusted		
MEIM.S1WS	2002.03	88342		R	Number	0	Employment indicators - MEI	High level industry by variable	Filled jobs	Primary industries	Seasonally adjusted		
MEIM.S1WS	2002.04	87142		R	Number	0	Employment indicators - MEI	High level industry by variable	Filled jobs	Primary industries	Seasonally adjusted		
MEIM.S1WS	2002.05	87356		R	Number	0	Employment indicators - MEI	High level industry by variable	Filled jobs	Primary industries	Seasonally adjusted		
MEIM.S1WS	2002.06	86645		R	Number	0	Employment indicators - MEI	High level industry by variable	Filled jobs	Primary industries	Seasonally adjusted		
MEIM.S1WS	2002.07	87854		R	Number	0	Employment indicators - MEI	High level industry by variable	Filled jobs	Primary industries	Seasonally adjusted		
MEIM.S1WS	2002.08	87718		R	Number	0	Employment indicators - MEI	High level industry by variable	Filled jobs	Primary industries	Seasonally adjusted		
MEIM.S1WS	2002.09	88213		R	Number	0	Employment indicators - MEI	High level industry by variable	Filled jobs	Primary industries	Seasonally adjusted		
MEIM.S1WS	2002.1	88213		R	Number	0	Employment indicators - MEI	High level industry by variable	Filled jobs	Primary industries	Seasonally adjusted		
MEIM.S1WS	2002.11	86204		R	Number	0	Employment indicators - MEI	High level industry by variable	Filled jobs	Primary industries	Seasonally adjusted		
MEIM.S1WS	2002.12	86776		R	Number	0	Employment indicators - MEI	High level industry by variable	Filled jobs	Primary industries	Seasonally adjusted		
MEIM.S1WS	2003.01	88301		R	Number	0	Employment indicators - MEI	High level industry by variable	Filled jobs	Primary industries	Seasonally adjusted		
MEIM.S1WS	2003.02	86571		R	Number	0	Employment indicators - MEI	High level industry by variable	Filled jobs	Primary industries	Seasonally adjusted		
MEIM.S1WS	2003.03	85614		R	Number	0	Employment indicators - MEI	High level industry by variable	Filled jobs	Primary industries	Seasonally adjusted		
MEIM.S1WS	2003.04	87767		R	Number	0	Employment indicators - MEI	High level industry by variable	Filled jobs	Primary industries	Seasonally adjusted		
MEIM.S1WS	2003.05	88910		R	Number	0	Employment indicators - MEI	High level industry by variable	Filled jobs	Primary industries	Seasonally adjusted		
MEIM.S1WS	2003.06	88834		R	Number	0	Employment indicators - MEI	High level industry by variable	Filled jobs	Primary industries	Seasonally adjusted		
MEIM.S1WS	2003.07	88530		R	Number	0	Employment indicators - MEI	High level industry by variable	Filled jobs	Primary industries	Seasonally adjusted		
MEIM.S1WS	2003.08	90178		R	Number	0	Employment indicators - MEI	High level industry by variable	Filled jobs	Primary industries	Seasonally adjusted		
MEIM.S1WS	2003.09	87412		R	Number	0	Employment indicators - MEI	High level industry by variable	Filled jobs	Primary industries	Seasonally adjusted		
MEIM.S1WS	2003.1	88163		R	Number	0	Employment indicators - MEI	High level industry by variable	Filled jobs	Primary industries	Seasonally adjusted		
MEIM.S1WS	2003.11	88311		R	Number	0	Employment indicators - MEI	High level industry by variable	Filled jobs	Primary industries	Seasonally adjusted		
MEIM.S1WS	2003.12	89658		R	Number	0	Employment indicators - MEI	High level industry by variable	Filled jobs	Primary industries	Seasonally adjusted		
MEIM.S1WS	2004.01	88975		R	Number	0	Employment indicators - MEI	High level industry by variable	Filled jobs	Primary industries	Seasonally adjusted		
MEIM.S1WS	2004.02	87431		R	Number	0	Employment indicators - MEI	High level industry by variable	Filled jobs	Primary industries	Seasonally adjusted		
MEIM.S1WS	2004.03	87906		R	Number	0	Employment indicators - MEI	High level industry by variable	Filled jobs	Primary industries	Seasonally adjusted		
MEIM.S1WS	2004.04	89419		R	Number	0	Employment indicators - MEI	High level industry by variable	Filled jobs	Primary industries	Seasonally adjusted		
MEIM.S1WS	2004.05	88677		R	Number	0	Employment indicators - MEI	High level industry by variable	Filled jobs	Primary industries	Seasonally adjusted		
MEIM.S1WS	2004.06	89041		R	Number	0	Employment indicators - MEI	High level industry by variable	Filled jobs	Primary industries	Seasonally adjusted		
MEIM.S1WS	2004.07	89278		R	Number	0	Employment indicators - MEI	High level industry by variable	Filled jobs	Primary industries	Seasonally adjusted		
MEIM.S1WS	2004.08	87368		R	Number	0	Employment indicators - MEI	High level industry by variable	Filled jobs	Primary industries	Seasonally adjusted		
MEIM.S1WS	2004.09	88572		R	Number	0	Employment indicators - MEI	High level industry by variable	Filled jobs	Primary industries	Seasonally adjusted		
MEIM.S1WS	2004.1	87696		R	Number	0	Employment indicators - MEI	High level industry by variable	Filled jobs	Primary industries	Seasonally adjusted		
MEIM.S1WS	2004.11	89810		R	Number	0	Employment indicators - MEI	High level industry by variable	Filled jobs	Primary industries	Seasonally adjusted		
MEIM.S1WS	2004.12	89609		R	Number	0	Employment indicators - MEI	High level industry by variable	Filled jobs	Primary industries	Seasonally adjusted		
MEIM.S1WS	2005.01	87763		R	Number	0	Employment indicators - MEI	High level industry by variable	Filled jobs	Primary industries	Seasonally adjusted		
MEIM.S1WS	2005.02	92128		R	Number	0	Employment indicators - MEI	High level industry by variable	Filled jobs	Primary industries	Seasonally adjusted		
MEIM.S1WS	2005.03	91657		R	Number	0	Employment indicators - MEI	High level industry by variable	Filled jobs	Primary industries	Seasonally adjusted		
MEIM.S1WS	2005.04	89962		R	Number	0	Employment indicators - MEI	High level industry by variable	Filled jobs	Primary industries	Seasonally adjusted		
MEIM.S1WS	2005.05	89395		R	Number	0	Employment indicators - MEI	High level industry by variable	Filled jobs	Primary industries	Seasonally adjusted		
MEIM.S1WS	2005.06	88841		R	Number	0	Employment indicators - MEI	High level industry by variable	Filled jobs	Primary industries	Seasonally adjusted		
MEIM.S1WS	2005.07	89240		R	Number	0	Employment indicators - MEI	High level industry by variable	Filled jobs	Primary industries	Seasonally adjusted		
MEIM.S1WS	2005.08	89387		R	Number	0	Employment indicators - MEI	High level industry by variable	Filled jobs	Primary industries	Seasonally adjusted		
MEIM.S1WS	2005.09	89691		R	Number	0	Employment indicators - MEI	High level industry by variable	Filled jobs	Primary industries	Seasonally adjusted		
MEIM.S1WS	2005.1	89153		R	Number	0	Employment indicators - MEI	High level industry by variable	Filled jobs	Primary industries	Seasonally adjusted		
MEIM.S1WS	2005.11	88847		R	Number	0	Employment indicators - MEI	High level industry by variable	Filled jobs	Primary industries	Seasonally adjusted		
MEIM.S1WS	2005.12	88618		R	Number	0	Employment indicators - MEI	High level industry by variable	Filled jobs	Primary industries	Seasonally adjusted		
MEIM.S1WS	2006.01	86886		R	Number	0	Employment indicators - MEI	High level industry by variable	Filled jobs	Primary industries	Seasonally adjusted		
MEIM.S1WS	2006.02	87185		R	Number	0	Employment indicators - MEI	High level industry by variable	Filled jobs	Primary industries	Seasonally adjusted		
MEIM.S1WS	2006.03	87212		R	Number	0	Employment indicators - MEI	High level industry by variable	Filled jobs	Primary industries	Seasonally adjusted		
MEIM.S1WS	2006.04	87165		R	Number	0	Employment indicators - MEI	High level industry by variable	Filled jobs	Primary industries	Seasonally adjusted		
MEIM.S1WS	2006.05	87764		R	Number	0	Employment indicators - MEI	High level industry by variable	Filled jobs	Primary industries	Seasonally adjusted		
MEIM.S1WS	2006.06	88839		R	Number	0	Employment indicators - MEI	High level industry by variable	Filled jobs	Primary industries	Seasonally adjusted		
MEIM.S1WS	2006.07	88913		R	Number	0	Employment indicators - MEI	High level industry by variable	Filled jobs	Primary industries	Seasonally adjusted		
MEIM.S1WS	2006.08	92612		R	Number	0	Employment indicators - MEI	High level industry by variable	Filled jobs	Primary industries	Seasonally adjusted		
MEIM.S1WS	2006.09	92453		R	Number	0	Employment indicators - MEI	High level industry by variable	Filled jobs	Primary industries	Seasonally adjusted		
MEIM.S1WS	2006.1	88964		R	Number	0	Employment indicators - MEI	High level industry by variable	Filled jobs	Primary industries	Seasonally adjusted		
MEIM.S1WS	2006.11	88903		R	Number	0	Employment indicators - MEI	High level industry by variable	Filled jobs	Primary industries	Seasonally adjusted		
MEIM.S1WS	2006.12	87809		R	Number	0	Employment indicators - MEI	High level industry by variable	Filled jobs	Primary industries	Seasonally adjusted		
MEIM.S1WS	2007.01	88627		R	Number	0	Employment indicators - MEI	High level industry by variable	Filled jobs	Primary industries	Seasonally adjusted		
MEIM.S1WS	2007.02	88958		R	Number	0	Employment indicators - MEI	High level industry by variable	Filled jobs	Primary industries	Seasonally adjusted		
MEIM.S1WS	2007.03	88829		R	Number	0	Employment indicators - MEI	High level industry by variable	Filled jobs	Primary industries	Seasonally adjusted		
MEIM.S1WS	2007.04	88665		R	Number	0	Employment indicators - MEI	High level industry by variable	Filled jobs	Primary industries	Seasonally adjusted		
MEIM.S1WS	2007.05	89213		R	Number	0	Employment indicators - MEI	High level industry by variable	Filled jobs	Primary industries	Seasonally adjusted		
MEIM.S1WS	2007.06	88717		R	Number	0	Employment indicators - MEI	High level industry by variable	Filled jobs	Primary industries	Seasonally adjusted		
MEIM.S1WS	2007.07	88101		R	Number	0	Employment indicators - MEI	High level industry by variable	Filled jobs	Primary industries	Seasonally adjusted		
MEIM.S1WS	2007.08	89980		R	Number	0	Employment indicators - MEI	High level industry by variable	Filled jobs	Primary industries	Seasonally adjusted		
MEIM.S1WS	2007.09	90362		R	Number	0	Employment indicators - MEI	High level industry by variable	Filled jobs	Primary industries	Seasonally adjusted		
MEIM.S1WS	2007.1	90519		R	Number	0	Employment indicators - MEI	High level industry by variable	Filled jobs	Primary industries	Seasonally adjusted		
MEIM.S1WS	2007.11	90081		R	Number	0	Employment indicators - MEI	High level industry by variable	Filled jobs	Primary industries	Seasonally adjusted		
MEIM.S1WS	2007.12	89254		R	Number	0	Employment indicators - MEI	High level industry by variable	Filled jobs	Primary industries	Seasonally adjusted		
MEIM.S1WS	2008.01	91354		R	Number	0	Employment indicators - MEI	High level industry by variable	Filled jobs	Primary industries	Seasonally adjusted		
MEIM.S1WS	2008.02	90819		R	Number	0	Employment indicators - MEI	High level industry by variable	Filled jobs	Primary industries	Seasonally adjusted		
MEIM.S1WS	2008.03	88979		R	Number	0	Employment indicators - MEI	High level industry by variable	Filled jobs	Primary industries	Seasonally adjusted		
MEIM.S1WS	2008.04	90225		R	Number	0	Employment indicators - MEI	High level industry by variable	Filled jobs	Primary industries	Seasonally adjusted		
MEIM.S1WS	2008.05	91597		R	Number	0	Employment indicators - MEI	High level industry by variable	Filled jobs	Primary industries	Seasonally adjusted		
MEIM.S1WS	2008.06	91275		R	Number	0	Employment indicators - MEI	High level industry by variable	Filled jobs	Primary industries	Seasonally adjusted		
MEIM.S1WS	2008.07	91691		R	Number	0	Employment indicators - MEI	High level industry by variable	Filled jobs	Primary industries	Seasonally adjusted		
MEIM.S1WS	2008.08	90962		R	Number	0	Employment indicators - MEI	High level industry by variable	Filled jobs	Primary industries	Seasonally adjusted		
MEIM.S1WS	2008.09	91600		R	Number	0	Employment indicators - MEI	High level industry by variable	Filled jobs	Primary industries	Seasonally adjusted		
MEIM.S1WS	2008.1	92724		R	Number	0	Employment indicators - MEI	High level industry by variable	Filled jobs	Primary industries	Seasonally adjusted		
MEIM.S1WS	2008.11	91855		R	Number	0	Employment indicators - MEI	High level industry by variable	Filled jobs	Primary industries	Seasonally adjusted		
MEIM.S1WS	2008.12	92834		R	Number	0	Employment indicators - MEI	High level industry by variable	Filled jobs	Primary industries	Seasonally adjusted		
MEIM.S1WS	2009.01	92497		R	Number	0	Employment indicators - MEI	High level industry by variable	Filled jobs	Primary industries	Seasonally adjusted		
MEIM.S1WS	2009.02	91854		R	Number	0	Employment indicators - MEI	High level industry by variable	Filled jobs	Primary industries	Seasonally adjusted		
MEIM.S1WS	2009.03	91276		R	Number	0	Employment indicators - MEI	High level industry by variable	Filled jobs	Primary industries	Seasonally adjusted		
MEIM.S1WS	2009.04	92484		R	Number	0	Employment indicators - MEI	High level industry by variable	Filled jobs	Primary industries	Seasonally adjusted		
MEIM.S1WS	2009.05	90565		R	Number	0	Employment indicators - MEI	High level industry by variable	Filled jobs	Primary industries	Seasonally adjusted		
MEIM.S1WS	2009.06	91395		R	Number	0	Employment indicators - MEI	High level industry by variable	Filled jobs	Primary industries	Seasonally adjusted		
MEIM.S1WS	2009.07	91897		R	Number	0	Employment indicators - MEI	High level industry by variable	Filled jobs	Primary industries	Seasonally adjusted		
MEIM.S1WS	2009.08	90085		R	Number	0	Employment indicators - MEI	High level industry by variable	Filled jobs	Primary industries	Seasonally adjusted		
MEIM.S1WS	2009.09	88998		R	Number	0	Employment indicators - MEI	High level industry by variable	Filled jobs	Primary industries	Seasonally adjusted		
MEIM.S1WS	2009.1	88812		R	Number	0	Employment indicators - MEI	High level industry by variable	Filled jobs	Primary industries	Seasonally adjusted		
MEIM.S1WS	2009.11	89152		R	Number	0	Employment indicators - MEI	High level industry by variable	Filled jobs	Primary industries	Seasonally adjusted		
MEIM.S1WS	2009.12	90399		R	Number	0	Employment indicators - MEI	High level industry by variable	Filled jobs	Primary industries	Seasonally adjusted		
MEIM.S1WS	2010.01	89491		R	Number	0	Employment indicators - MEI	High level industry by variable	Filled jobs	Primary industries	Seasonally adjusted		
MEIM.S1WS	2010.02	90361		R	Number	0	Employment indicators - MEI	High level industry by variable	Filled jobs	Primary industries	Seasonally adjusted		
MEIM.S1WS	2010.03	91259		R	Number	0	Employment indicators - MEI	High level industry by variable	Filled jobs	Primary industries	Seasonally adjusted		
MEIM.S1WS	2010.04	91081		R	Number	0	Employment indicators - MEI	High level industry by variable	Filled jobs	Primary industries	Seasonally adjusted		
MEIM.S1WS	2010.05	89842		R	Number	0	Employment indicators - MEI	High level industry by variable	Filled jobs	Primary industries	Seasonally adjusted		
MEIM.S1WS	2010.06	89949		R	Number	0	Employment indicators - MEI	High level industry by variable	Filled jobs	Primary industries	Seasonally adjusted		
MEIM.S1WS	2010.07	91003		R	Number	0	Employment indicators - MEI	High level industry by variable	Filled jobs	Primary industries	Seasonally adjusted		
MEIM.S1WS	2010.08	90801		R	Number	0	Employment indicators - MEI	High level industry by variable	Filled jobs	Primary industries	Seasonally adjusted		
MEIM.S1WS	2010.09	91201		R	Number	0	Employment indicators - MEI	High level industry by variable	Filled jobs	Primary industries	Seasonally adjusted		
MEIM.S1WS	2010.1	91140		R	Number	0	Employment indicators - MEI	High level industry by variable	Filled jobs	Primary industries	Seasonally adjusted		
MEIM.S1WS	2010.11	93259		R	Number	0	Employment indicators - MEI	High level industry by variable	Filled jobs	Primary industries	Seasonally adjusted		
MEIM.S1WS	2010.12	92982		R	Number	0	Employment indicators - MEI	High level industry by variable	Filled jobs	Primary industries	Seasonally adjusted		
MEIM.S1WS	2011.01	91832		R	Number	0	Employment indicators - MEI	High level industry by variable	Filled jobs	Primary industries	Seasonally adjusted		
MEIM.S1WS	2011.02	92781		R	Number	0	Employment indicators - MEI	High level industry by variable	Filled jobs	Primary industries	Seasonally adjusted		
MEIM.S1WS	2011.03	93554		R	Number	0	Employment indicators - MEI	High level industry by variable	Filled jobs	Primary industries	Seasonally adjusted		
MEIM.S1WS	2011.04	93016		R	Number	0	Employment indicators - MEI	High level industry by variable	Filled jobs	Primary industries	Seasonally adjusted		
MEIM.S1WS	2011.05	92972		R	Number	0	Employment indicators - MEI	High level industry by variable	Filled jobs	Primary industries	Seasonally adjusted		
MEIM.S1WS	2011.06	93645		R	Number	0	Employment indicators - MEI	High level industry by variable	Filled jobs	Primary industries	Seasonally adjusted		
MEIM.S1WS	2011.07	92838		R	Number	0	Employment indicators - MEI	High level industry by variable	Filled jobs	Primary industries	Seasonally adjusted		
MEIM.S1WS	2011.08	93627		R	Number	0	Employment indicators - MEI	High level industry by variable	Filled jobs	Primary industries	Seasonally adjusted		
MEIM.S1WS	2011.09	93663		R	Number	0	Employment indicators - MEI	High level industry by variable	Filled jobs	Primary industries	Seasonally adjusted		
MEIM.S1WS	2011.1	91296		R	Number	0	Employment indicators - MEI	High level industry by variable	Filled jobs	Primary industries	Seasonally adjusted		
MEIM.S1WS	2011.11	93041		R	Number	0	Employment indicators - MEI	High level industry by variable	Filled jobs	Primary industries	Seasonally adjusted		
MEIM.S1WS	2011.12	92536		R	Number	0	Employment indicators - MEI	High level industry by variable	Filled jobs	Primary industries	Seasonally adjusted		
MEIM.S1WS	2012.01	93460		R	Number	0	Employment indicators - MEI	High level industry by variable	Filled jobs	Primary industries	Seasonally adjusted		
MEIM.S1WS	2012.02	93291		R	Number	0	Employment indicators - MEI	High level industry by variable	Filled jobs	Primary industries	Seasonally adjusted		
MEIM.S1WS	2012.03	93812		R	Number	0	Employment indicators - MEI	High level industry by variable	Filled jobs	Primary industries	Seasonally adjusted		
MEIM.S1WS	2012.04	94556		R	Number	0	Employment indicators - MEI	High level industry by variable	Filled jobs	Primary industries	Seasonally adjusted		
MEIM.S1WS	2012.05	95539		R	Number	0	Employment indicators - MEI	High level industry by variable	Filled jobs	Primary industries	Seasonally adjusted		
MEIM.S1WS	2012.06	94887		R	Number	0	Employment indicators - MEI	High level industry by variable	Filled jobs	Primary industries	Seasonally adjusted		
MEIM.S1WS	2012.07	94372		R	Number	0	Employment indicators - MEI	High level industry by variable	Filled jobs	Primary industries	Seasonally adjusted		
MEIM.S1WS	2012.08	94919		R	Number	0	Employment indicators - MEI	High level industry by variable	Filled jobs	Primary industries	Seasonally adjusted		
MEIM.S1WS	2012.09	94986		R	Number	0	Employment indicators - MEI	High level industry by variable	Filled jobs	Primary industries	Seasonally adjusted		
MEIM.S1WS	2012.1	94674		R	Number	0	Employment indicators - MEI	High level industry by variable	Filled jobs	Primary industries	Seasonally adjusted		
MEIM.S1WS	2012.11	93316		R	Number	0	Employment indicators - MEI	High level industry by variable	Filled jobs	Primary industries	Seasonally adjusted		
MEIM.S1WS	2012.12	92286		R	Number	0	Employment indicators - MEI	High level industry by variable	Filled jobs	Primary industries	Seasonally adjusted		
MEIM.S1WS	2013.01	94270		R	Number	0	Employment indicators - MEI	High level industry by variable	Filled jobs	Primary industries	Seasonally adjusted		
MEIM.S1WS	2013.02	94211		R	Number	0	Employment indicators - MEI	High level industry by variable	Filled jobs	Primary industries	Seasonally adjusted		
MEIM.S1WS	2013.03	93528		R	Number	0	Employment indicators - MEI	High level industry by variable	Filled jobs	Primary industries	Seasonally adjusted		
MEIM.S1WS	2013.04	93682		R	Number	0	Employment indicators - MEI	High level industry by variable	Filled jobs	Primary industries	Seasonally adjusted		
MEIM.S1WS	2013.05	95221		R	Number	0	Employment indicators - MEI	High level industry by variable	Filled jobs	Primary industries	Seasonally adjusted		
MEIM.S1WS	2013.06	94964		R	Number	0	Employment indicators - MEI	High level industry by variable	Filled jobs	Primary industries	Seasonally adjusted		
